PLZ,shipment_weight,packaging_units,order_type,distance,building_levels_avg,parking_count
15745,182.0,3,"Abholung,Lieferung,Service",38.7,2.5,20.0
15745,68.0,2,"Abholung,Lieferung,Service",15.9,1.2,14.0
15711,54.0,1,"Abholung,Lieferung,Service",14.4,1.9,30.0
15711,69.0,2,"Abholung,Lieferung,Service",14.4,1.9,30.0
15711,676.0,5,"Abholung,Lieferung,Service",35.0,1.0,0.0
15711,91.0,3,"Abholung,Lieferung,Service",24.7,1.1,0.0
15711,452.0,2,"Abholung,Lieferung,Service",24.7,1.1,0.0
03222,51.0,1,"Abholung,Lieferung,Service",26.3,3.6,0.0
03222,94.0,1,"Abholung,Lieferung,Service",38.4,2.4,2.0
03222,71.0,1,"Abholung,Lieferung,Service",47.2,1.3,0.0
15907,146.0,1,"Abholung,Lieferung,Service",21.0,1.7,13.0
15711,175.0,1,"Abholung,Lieferung,Service",26.8,3.5,7.0
15712,226.0,2,"Abholung,Lieferung,Service",40.1,1.2,2.0
12623,293.0,2,"Lieferung,Service",23.0,0.0,0.0
10318,410.0,2,"Lieferung,Service",22.9,2.3,2.0
10319,42.0,1,"Lieferung,Service",13.1,3.8,33.0
13409,37.0,1,"Lieferung,Service",28.9,3.2,14.0
16540,43.0,1,"Lieferung,Service",20.2,0.0,0.0
16727,229.0,3,"Lieferung,Service",21.1,1.9,2.0
16727,22.0,1,"Lieferung,Service",6.8,1.0,0.0
16727,189.0,1,"Lieferung,Service",40.7,3.0,44.0
16727,85.0,2,"Lieferung,Service",10.0,3.0,17.0
16727,149.0,2,"Lieferung,Service",18.0,1.0,7.0
16348,60.0,4,"Lieferung,Service",10.9,0.0,0.0
12587,18.0,2,"Lieferung,Service",7.4,3.3,22.0
12437,14.0,1,"Lieferung,Service",22.5,3.9,6.0
12055,9.0,2,"Lieferung,Service",4.9,3.4,59.0
12351,12.0,2,"Lieferung,Service",20.7,2.7,7.0
12051,30.0,2,"Lieferung,Service",23.6,3.9,7.0
12103,40.0,2,"Lieferung,Service",18.6,3.3,12.0
12103,58.0,2,"Lieferung,Service",23.1,3.8,25.0
12279,30.0,2,"Lieferung,Service",38.7,3.6,25.0
12249,22.0,1,"Lieferung,Service",22.9,5.3,13.0
12167,36.0,2,"Lieferung,Service",20.8,2.8,15.0
12209,18.0,2,"Lieferung,Service",25.0,1.9,2.0
12207,29.0,2,"Lieferung,Service",21.7,5.1,18.0
14532,35.0,1,"Lieferung,Service",25.9,1.9,2.0
14532,43.0,1,"Lieferung,Service",31.8,1.9,0.0
14532,4.0,1,"Lieferung,Service",12.0,1.9,4.0
12167,51.0,2,"Lieferung,Service",10.4,3.3,11.0
12247,22.0,3,"Lieferung,Service",23.3,2.2,2.0
02555,20.0,1,Lieferung,78.7,3.9,33.0
02555,51.0,1,Lieferung,14.5,2.7,56.0
02526,28.0,1,Lieferung,16.5,2.8,21.0
02353,7.0,1,Lieferung,26.2,7.7,21.0
02307,28.0,1,Lieferung,26.4,1.5,5.0
02359,54.0,1,Lieferung,63.2,1.8,3.0
02347,40.0,1,Lieferung,53.0,4.1,59.0
02051,43.0,1,Lieferung,95.4,3.6,33.0
02203,19.0,2,Lieferung,42.6,2.6,2.0
04163,51.0,1,Lieferung,47.6,3.5,8.0
04167,3.0,1,Lieferung,22.9,2.5,2.0
02105,42.0,1,Lieferung,16.9,3.7,10.0
02109,37.0,1,Lieferung,22.9,3.4,68.0
02349,40.0,1,Lieferung,19.3,1.8,13.0
02309,17.0,1,Lieferung,49.3,1.6,4.0
02529,7.0,1,Lieferung,33.2,1.3,13.0
10178,119.0,1,"Lieferung,Service",17.4,7.2,51.0
10405,188.0,1,"Lieferung,Service",16.3,4.8,11.0
10439,111.0,1,"Lieferung,Service",5.9,4.2,28.0
10119,332.0,1,"Lieferung,Service",32.4,4.0,7.0
12359,71.0,1,"Abholung,Lieferung,Service",15.4,2.0,6.0
12347,61.0,2,"Abholung,Lieferung,Service",34.5,3.2,14.0
12099,62.0,2,"Abholung,Lieferung,Service",44.1,3.2,15.0
10825,288.0,1,"Abholung,Lieferung,Service",39.5,5.2,43.0
10719,113.0,3,"Abholung,Lieferung,Service",20.3,5.1,14.0
10823,57.0,1,"Abholung,Lieferung,Service",36.7,4.3,41.0
10827,30.0,2,"Abholung,Lieferung,Service",17.6,3.6,24.0
10829,0.0,0,"Abholung,Lieferung,Service",17.4,5.0,18.0
10785,80.0,2,"Abholung,Lieferung,Service",30.1,4.7,30.0
10627,12.0,2,"Abholung,Lieferung,Service",8.4,0.0,0.0
10625,72.0,1,"Abholung,Lieferung,Service",34.8,0.0,0.0
10623,18.0,1,"Abholung,Lieferung,Service",6.3,4.5,31.0
14163,110.0,1,"Lieferung,Service",18.0,0.0,2.0
14163,44.0,1,"Lieferung,Service",24.4,2.1,7.0
14129,174.0,3,"Lieferung,Service",28.2,1.4,6.0
12163,511.0,2,"Lieferung,Service",31.3,4.2,34.0
13439,90.0,3,"Lieferung,Service",93.1,7.1,36.0
13507,103.0,1,"Lieferung,Service",21.6,3.1,10.0
13509,225.0,1,"Lieferung,Service",18.7,1.8,0.0
13467,49.0,2,"Lieferung,Service",30.1,2.0,5.0
13158,45.0,3,"Lieferung,Service",15.6,2.2,26.0
13051,348.0,2,"Lieferung,Service",16.0,6.7,56.0
13507,598.0,3,"Lieferung,Service",13.9,4.0,1.0
13347,546.0,4,"Lieferung,Service",18.1,4.7,60.0
14467,26.0,1,"Lieferung,Service",26.4,2.9,31.0
14469,47.0,1,"Lieferung,Service",33.0,2.4,10.0
14469,130.0,1,"Lieferung,Service",8.4,2.5,140.0
14469,24.0,1,"Lieferung,Service",51.0,3.8,43.0
14469,67.0,1,"Lieferung,Service",15.8,4.0,5.0
14469,46.0,1,"Lieferung,Service",29.9,2.6,11.0
14542,25.0,1,"Lieferung,Service",23.6,1.5,8.0
14542,54.0,1,"Lieferung,Service",18.2,1.9,0.0
14542,18.0,1,"Lieferung,Service",20.7,4.1,0.0
14550,44.0,1,"Lieferung,Service",19.9,0.0,0.0
14542,138.0,2,"Lieferung,Service",19.7,0.0,0.0
14469,72.0,1,"Lieferung,Service",32.9,1.8,0.0
14469,98.0,2,"Lieferung,Service",46.8,2.1,28.0
14471,22.0,1,"Lieferung,Service",38.3,3.0,8.0
14467,75.0,1,"Lieferung,Service",30.5,3.8,37.0
14467,119.0,1,"Lieferung,Service",20.5,3.3,11.0
13089,156.0,1,"Lieferung,Service",48.2,3.5,10.0
13089,118.0,1,"Lieferung,Service",21.6,2.4,6.0
13127,35.0,1,"Lieferung,Service",15.1,1.5,0.0
13156,89.0,1,"Lieferung,Service",15.7,3.3,18.0
13359,160.0,1,"Lieferung,Service",17.8,4.9,10.0
10439,65.0,1,"Lieferung,Service",20.9,4.7,34.0
10437,41.0,3,"Lieferung,Service",25.4,4.5,16.0
10435,145.0,1,"Lieferung,Service",15.3,4.8,75.0
14621,710.0,2,"Abholung,Lieferung,Service",21.8,0.0,0.0
14621,167.0,4,"Abholung,Lieferung,Service",21.8,0.0,0.0
14621,103.0,4,"Abholung,Lieferung,Service",17.8,0.0,0.0
16727,16.0,1,"Abholung,Lieferung,Service",16.1,0.0,1.0
04621,71.0,2,Lieferung,17.1,0.0,0.0
04621,65.0,4,Lieferung,13.1,0.0,0.0
04621,24.0,1,Lieferung,20.0,0.0,0.0
04612,53.0,2,Lieferung,24.8,0.0,0.0
03587,888.0,3,Lieferung,11.2,0.0,0.0
12526,43.0,1,"Lieferung,Service",14.2,0.0,0.0
12353,42.0,1,"Lieferung,Service",36.9,0.0,0.0
12353,43.0,1,"Lieferung,Service",44.8,0.0,0.0
12353,38.0,1,"Lieferung,Service",43.9,0.0,0.0
12349,207.0,1,"Lieferung,Service",28.8,0.0,0.0
12351,10.0,1,"Lieferung,Service",17.6,3.4,34.0
12353,114.0,1,"Lieferung,Service",86.2,4.5,31.0
12353,80.0,2,"Lieferung,Service",53.2,8.9,34.0
12487,76.0,1,"Lieferung,Service",16.4,5.1,2.0
12247,70.0,1,"Lieferung,Service",17.6,2.7,14.0
12247,40.0,1,"Lieferung,Service",60.3,3.3,34.0
12249,75.0,1,"Lieferung,Service",58.9,4.1,29.0
12157,370.0,1,"Lieferung,Service",21.0,3.8,75.0
12207,55.0,1,"Lieferung,Service",23.6,5.9,40.0
12279,4.0,1,"Lieferung,Service",46.0,3.6,22.0
10245,227.0,1,"Abholung,Lieferung,Service",58.0,5.1,20.0
10178,91.0,1,"Abholung,Lieferung,Service",25.7,5.9,8.0
10717,57.0,1,"Abholung,Lieferung,Service",52.1,4.9,34.0
12157,0.0,0,"Abholung,Lieferung,Service",11.1,4.1,11.0
12051,81.0,1,"Abholung,Lieferung,Service",14.5,4.2,33.0
12627,21.0,1,"Lieferung,Service",25.6,5.5,144.0
12629,25.0,1,"Lieferung,Service",22.4,5.1,149.0
12679,33.0,1,"Lieferung,Service",25.2,5.8,38.0
13156,31.0,2,"Lieferung,Service",29.0,3.3,1.0
13187,35.0,3,"Lieferung,Service",50.5,4.3,2.0
13187,13.0,1,"Lieferung,Service",25.9,3.3,16.0
13359,5.0,1,"Lieferung,Service",21.4,4.5,0.0
13509,13.0,1,"Lieferung,Service",10.1,3.0,2.0
13465,31.0,1,"Lieferung,Service",19.6,1.6,0.0
13467,54.0,1,"Lieferung,Service",15.7,1.7,92.0
13435,64.0,1,"Lieferung,Service",31.6,10.9,6.0
13435,55.0,1,"Lieferung,Service",38.4,13.3,26.0
13439,41.0,1,"Lieferung,Service",19.5,11.1,10.0
13439,5.0,1,"Lieferung,Service",17.9,12.5,16.0
13409,17.0,1,"Lieferung,Service",20.5,3.7,18.0
13187,6.0,2,"Lieferung,Service",18.3,4.1,4.0
13189,13.0,2,"Lieferung,Service",16.2,3.2,4.0
13089,15.0,1,"Lieferung,Service",11.3,2.3,12.0
13088,4.0,1,"Lieferung,Service",18.1,4.1,14.0
13088,33.0,1,"Lieferung,Service",84.5,5.0,27.0
03055,567.0,3,Lieferung,8.0,2.6,13.0
03055,75.0,4,Lieferung,8.0,2.6,13.0
03055,2.0,1,Lieferung,8.0,2.6,13.0
10789,355.0,2,"Lieferung,Service",10.3,5.2,17.0
10789,49.0,2,"Lieferung,Service",10.3,5.2,17.0
13595,0.0,1,"Lieferung,Service",16.0,0.0,0.0
13591,200.0,1,"Lieferung,Service",36.8,0.0,0.0
14624,73.0,1,"Lieferung,Service",69.4,0.0,0.0
13053,75.0,1,"Lieferung,Service",11.3,3.0,15.0
13129,34.0,1,"Lieferung,Service",65.8,2.3,3.0
13125,119.0,1,"Lieferung,Service",13.9,1.6,10.0
13127,74.0,1,"Lieferung,Service",19.8,2.1,9.0
13089,431.0,1,"Lieferung,Service",12.7,2.3,10.0
13086,64.0,1,"Lieferung,Service",35.0,5.9,62.0
10407,88.0,3,"Lieferung,Service",21.4,4.8,24.0
10249,176.0,4,"Lieferung,Service",30.8,4.5,52.0
14715,82.0,1,"Lieferung,Service",16.0,0.0,0.0
39524,63.0,1,"Lieferung,Service",18.7,0.0,0.0
14715,142.0,1,"Lieferung,Service",21.6,0.0,0.0
14715,24.0,1,"Lieferung,Service",35.1,0.0,0.0
14712,163.0,1,"Lieferung,Service",16.9,3.2,8.0
14715,172.0,1,"Lieferung,Service",19.9,0.0,3.0
16356,174.0,1,"Lieferung,Service",18.3,1.1,0.0
16761,55.0,1,"Lieferung,Service",12.2,0.0,2.0
05732,408.0,4,Lieferung,13.9,1.4,8.0
04979,120.0,1,Lieferung,26.3,0.0,0.0
04974,87.0,1,Lieferung,14.3,3.8,13.0
04513,257.0,1,Lieferung,33.0,0.0,0.0
04532,109.0,1,Lieferung,10.2,2.0,0.0
04532,52.0,1,Lieferung,18.4,2.5,0.0
14974,135.0,4,"Abholung,Lieferung,Service",15.2,0.0,0.0
14974,65.0,1,"Abholung,Lieferung,Service",22.7,4.8,16.0
14974,39.0,1,"Abholung,Lieferung,Service",18.4,0.0,4.0
14974,102.0,1,"Abholung,Lieferung,Service",13.0,2.0,0.0
14974,102.0,1,"Abholung,Lieferung,Service",62.1,1.4,2.0
14959,103.0,3,"Abholung,Lieferung,Service",12.4,0.0,0.0
14547,9.0,1,"Abholung,Lieferung,Service",20.5,1.0,11.0
14797,398.0,2,"Abholung,Lieferung,Service",19.1,1.6,18.0
14797,44.0,1,"Abholung,Lieferung,Service",30.3,0.0,0.0
14797,101.0,1,"Abholung,Lieferung,Service",29.1,0.0,2.0
14542,38.0,1,"Abholung,Lieferung,Service",23.3,0.0,0.0
14547,590.0,2,"Abholung,Lieferung,Service",21.7,2.2,18.0
15366,46.0,1,"Abholung,Lieferung,Service",39.6,1.6,2.0
12627,58.0,2,"Abholung,Lieferung,Service",30.1,4.8,136.0
12627,32.0,2,"Abholung,Lieferung,Service",9.9,3.9,90.0
12627,20.0,1,"Abholung,Lieferung,Service",9.9,3.9,90.0
12627,36.0,2,"Abholung,Lieferung,Service",32.5,4.7,104.0
12619,70.0,1,"Abholung,Lieferung,Service",15.7,4.1,128.0
12627,84.0,2,"Abholung,Lieferung,Service",15.0,3.0,152.2
12629,103.0,1,"Abholung,Lieferung,Service",14.9,4.0,102.0
12679,120.0,6,"Abholung,Lieferung,Service",18.0,6.5,89.0
12679,68.0,3,"Abholung,Lieferung,Service",51.6,4.5,36.0
10319,62.0,2,"Abholung,Lieferung,Service",61.0,3.0,2.0
10245,34.0,2,"Abholung,Lieferung,Service",19.6,4.8,102.0
10245,48.0,2,"Abholung,Lieferung,Service",36.4,4.6,68.0
10245,702.0,2,"Abholung,Lieferung,Service",53.4,5.2,24.0
10245,45.0,1,"Abholung,Lieferung,Service",41.8,4.1,34.0
10243,63.0,2,"Abholung,Lieferung,Service",23.7,5.0,43.0
10247,40.0,2,"Abholung,Lieferung,Service",83.0,4.4,34.0
10247,48.0,1,"Abholung,Lieferung,Service",68.1,5.0,39.0
10405,30.0,1,"Lieferung,Service",22.0,4.9,63.0
10437,11.0,2,"Lieferung,Service",11.4,4.8,52.0
10119,10.0,2,"Lieferung,Service",18.7,4.8,35.0
13355,31.0,2,"Lieferung,Service",7.3,4.3,10.0
10115,20.0,2,"Lieferung,Service",14.2,4.3,4.0
10115,45.0,2,"Lieferung,Service",41.0,4.5,33.0
10115,33.0,2,"Lieferung,Service",56.9,4.1,5.0
10557,27.0,2,"Lieferung,Service",23.3,5.8,11.0
10557,25.0,2,"Lieferung,Service",20.6,5.2,20.0
10551,16.0,2,"Lieferung,Service",16.8,5.0,13.0
10551,26.0,2,"Lieferung,Service",8.2,4.9,24.0
10551,33.0,2,"Lieferung,Service",18.9,4.5,152.2
10551,29.0,2,"Lieferung,Service",13.0,4.8,143.0
10553,30.0,2,"Lieferung,Service",19.6,4.3,56.0
10553,38.0,2,"Lieferung,Service",12.7,4.0,135.0
13627,31.0,2,"Lieferung,Service",55.5,3.5,24.0
10587,20.0,2,"Lieferung,Service",18.4,4.6,76.0
10585,17.0,2,"Lieferung,Service",62.0,5.0,35.0
10555,19.0,2,"Lieferung,Service",25.8,6.0,14.0
10555,15.0,1,"Lieferung,Service",15.1,4.8,152.0
13347,16.0,1,"Lieferung,Service",40.0,4.1,62.0
10115,22.0,2,"Lieferung,Service",15.7,4.8,11.0
10437,51.0,3,"Lieferung,Service",30.3,4.8,4.0
10437,41.0,2,"Lieferung,Service",11.6,4.9,54.0
10437,25.0,2,"Lieferung,Service",26.9,4.8,44.0
10405,8.0,1,"Lieferung,Service",20.8,5.0,94.0
10437,20.0,1,"Lieferung,Service",9.0,5.0,48.0
10409,7.0,2,"Lieferung,Service",16.4,4.6,4.0
15713,41.0,1,"Abholung,Lieferung,Service",36.8,1.0,2.0
15712,38.0,2,"Abholung,Lieferung,Service",12.3,1.8,1.0
15827,108.0,4,"Abholung,Lieferung,Service",99.7,0.0,8.0
15827,157.0,1,"Abholung,Lieferung,Service",19.7,1.1,2.0
15827,482.0,1,"Abholung,Lieferung,Service",22.3,1.7,4.0
15831,60.0,1,"Abholung,Lieferung,Service",90.6,2.0,4.0
15831,140.0,5,"Abholung,Lieferung,Service",17.9,3.0,4.0
15831,20.0,1,"Abholung,Lieferung,Service",30.1,0.0,4.0
02489,139.0,1,Lieferung,35.0,3.4,51.0
02359,682.0,2,Lieferung,21.4,0.0,42.0
00551,377.0,1,Lieferung,17.2,5.1,16.0
00115,502.0,1,Lieferung,71.1,4.3,9.0
03050,35.0,1,"Lieferung,Service",47.5,2.6,34.0
03050,143.0,2,"Lieferung,Service",17.1,2.6,152.2
03048,4.0,1,"Lieferung,Service",93.5,3.3,4.0
03046,115.0,3,"Lieferung,Service",40.1,1.7,47.0
03046,70.0,1,"Lieferung,Service",23.0,2.9,24.0
03046,332.0,2,"Lieferung,Service",23.0,2.9,24.0
03042,33.0,1,"Lieferung,Service",29.8,2.9,86.0
03044,246.0,2,"Lieferung,Service",16.5,1.3,0.0
03044,297.0,1,"Lieferung,Service",56.9,2.0,6.0
03046,43.0,1,"Lieferung,Service",25.0,3.2,59.0
03046,290.0,1,"Lieferung,Service",61.5,2.7,68.0
03046,30.0,1,"Lieferung,Service",23.6,2.4,1.0
16356,9.0,2,"Abholung,Lieferung,Service",43.0,0.0,0.0
16321,803.0,3,"Abholung,Lieferung,Service",23.3,1.5,0.0
16321,133.0,4,"Abholung,Lieferung,Service",23.3,1.5,0.0
16321,7.0,1,"Abholung,Lieferung,Service",23.3,1.5,0.0
16341,77.0,1,"Abholung,Lieferung,Service",20.0,0.0,0.0
12589,31.0,1,"Lieferung,Service",43.6,1.2,5.0
15562,110.0,2,"Lieferung,Service",50.6,1.3,0.0
15562,98.0,1,"Lieferung,Service",14.7,1.8,0.0
15537,20.0,2,"Lieferung,Service",21.7,1.2,4.0
15537,220.0,1,"Lieferung,Service",22.9,1.5,0.0
15537,89.0,1,"Lieferung,Service",19.3,2.1,2.0
15537,21.0,1,"Lieferung,Service",35.1,1.8,2.0
12559,348.0,1,"Lieferung,Service",13.6,0.0,0.0
13587,122.0,1,"Lieferung,Service",22.1,6.2,15.0
13587,16.0,1,"Lieferung,Service",46.1,3.4,2.0
13589,180.0,3,"Lieferung,Service",22.2,1.9,7.0
13581,37.0,1,"Lieferung,Service",20.5,4.8,2.0
13595,104.0,1,"Lieferung,Service",20.8,3.3,4.0
13595,111.0,1,"Lieferung,Service",14.1,3.6,2.0
13595,340.0,1,"Lieferung,Service",84.2,2.0,5.0
13086,14.0,1,"Lieferung,Service",27.8,3.0,58.0
10437,5.0,1,"Lieferung,Service",18.8,5.0,50.0
10437,5.0,1,"Lieferung,Service",13.3,5.0,46.0
10439,18.0,1,"Lieferung,Service",15.2,4.7,37.0
10439,31.0,1,"Lieferung,Service",10.1,4.3,58.0
13357,19.0,2,"Lieferung,Service",37.4,3.7,10.0
13349,14.0,1,"Lieferung,Service",57.2,4.0,10.0
13403,27.0,1,"Lieferung,Service",13.2,5.0,28.0
13403,40.0,1,"Lieferung,Service",43.5,3.9,20.0
13437,3.0,1,"Lieferung,Service",20.6,2.5,8.0
13409,29.0,1,"Lieferung,Service",20.3,3.7,30.0
13357,10.0,1,"Lieferung,Service",42.3,4.7,0.0
10439,24.0,1,"Lieferung,Service",17.7,5.2,32.0
10439,37.0,1,"Lieferung,Service",19.8,4.6,30.0
13187,6.0,1,"Lieferung,Service",12.5,3.8,16.0
13187,42.0,1,"Lieferung,Service",21.0,3.5,6.0
14727,279.0,1,"Abholung,Lieferung,Service",19.2,1.4,0.0
14712,84.0,3,"Abholung,Lieferung,Service",17.4,0.0,0.0
14712,342.0,2,"Abholung,Lieferung,Service",15.7,2.6,23.0
14712,79.0,2,"Abholung,Lieferung,Service",45.7,1.0,0.0
39524,49.0,2,"Abholung,Lieferung,Service",8.3,0.0,0.0
39524,606.0,2,"Abholung,Lieferung,Service",8.3,0.0,0.0
39524,84.0,2,"Abholung,Lieferung,Service",8.3,0.0,0.0
14712,169.0,1,"Abholung,Lieferung,Service",48.4,1.5,6.0
14712,287.0,1,"Abholung,Lieferung,Service",11.8,3.0,6.0
14712,40.0,1,"Abholung,Lieferung,Service",10.2,3.1,13.0
10243,160.0,5,"Lieferung,Service",19.5,5.6,52.0
10243,380.0,3,"Lieferung,Service",17.1,5.6,74.0
12107,15.0,1,"Lieferung,Service",64.1,2.5,21.0
12107,30.0,2,"Lieferung,Service",10.6,4.1,26.0
12439,210.0,2,"Lieferung,Service",8.3,3.5,1.0
12439,322.0,1,"Lieferung,Service",18.4,3.9,0.0
02623,43.0,1,Lieferung,36.2,0.0,0.0
02555,14.0,1,Lieferung,71.8,3.4,49.0
02587,13.0,1,Lieferung,10.5,2.5,27.0
02489,6.0,1,Lieferung,24.1,3.6,4.0
00318,58.0,1,Lieferung,18.2,3.3,55.0
02437,67.0,1,Lieferung,14.0,1.3,16.0
02437,22.0,1,Lieferung,26.5,3.2,87.0
02055,15.0,1,Lieferung,17.3,4.0,28.0
02435,13.0,2,Lieferung,35.9,5.3,43.0
02049,2.0,1,Lieferung,13.4,4.5,13.0
02101,26.0,1,Lieferung,18.9,3.5,42.0
02103,18.0,1,Lieferung,14.9,3.8,6.0
02105,4.0,1,Lieferung,26.8,1.8,0.0
02249,17.0,2,Lieferung,27.1,1.7,12.0
02277,53.0,2,Lieferung,17.1,1.6,2.0
02305,37.0,1,Lieferung,17.5,2.4,14.0
02357,33.0,1,Lieferung,16.1,3.5,2.0
02353,29.0,2,Lieferung,17.6,4.0,10.0
02351,8.0,1,Lieferung,15.3,5.2,8.0
03050,10.0,1,"Abholung,Lieferung,Service",39.7,7.6,12.0
03050,30.0,1,"Abholung,Lieferung,Service",25.1,6.3,13.0
03046,14.0,1,"Abholung,Lieferung,Service",17.6,2.0,104.0
03046,42.0,1,"Abholung,Lieferung,Service",9.8,2.8,53.0
03046,46.0,1,"Abholung,Lieferung,Service",9.8,2.8,53.0
03046,562.0,3,"Abholung,Lieferung,Service",11.7,2.4,13.0
03046,372.0,2,"Abholung,Lieferung,Service",22.4,1.3,0.0
03044,235.0,1,"Abholung,Lieferung,Service",21.7,2.9,42.0
03044,242.0,1,"Abholung,Lieferung,Service",21.9,1.1,2.0
03046,243.0,1,"Abholung,Lieferung,Service",22.3,3.1,64.0
03099,181.0,1,"Abholung,Lieferung,Service",16.1,1.3,3.0
10997,38.0,1,"Abholung,Lieferung,Service",5.5,3.8,56.0
10179,78.0,1,"Abholung,Lieferung,Service",60.4,3.6,4.0
10179,371.0,2,"Abholung,Lieferung,Service",45.7,4.0,24.0
10969,144.0,1,"Abholung,Lieferung,Service",10.1,7.5,104.0
10967,172.0,1,"Abholung,Lieferung,Service",7.5,4.9,48.0
10999,147.0,1,"Abholung,Lieferung,Service",9.8,4.8,26.0
15366,549.0,3,"Lieferung,Service",11.9,2.0,12.0
12685,111.0,2,"Lieferung,Service",19.6,3.0,74.0
10367,47.0,1,"Lieferung,Service",23.3,3.0,26.0
10249,131.0,1,"Lieferung,Service",13.0,4.5,37.0
10369,85.0,1,"Lieferung,Service",18.1,5.2,3.0
10369,210.0,3,"Lieferung,Service",18.1,5.2,3.0
10369,0.0,0,"Lieferung,Service",18.1,5.2,3.0
13505,93.0,4,"Lieferung,Service",24.6,1.7,0.0
16761,60.0,1,"Lieferung,Service",19.1,0.0,7.0
13503,74.0,2,"Lieferung,Service",20.5,1.0,0.0
13465,17.0,1,"Lieferung,Service",67.2,0.0,1.0
13465,25.0,1,"Lieferung,Service",15.7,1.5,0.0
13465,135.0,1,"Lieferung,Service",16.8,1.7,57.0
13465,240.0,1,"Lieferung,Service",18.0,2.0,0.0
16548,175.0,1,"Lieferung,Service",49.9,1.3,0.0
13467,110.0,2,"Lieferung,Service",16.2,1.9,27.0
12629,21.0,1,"Lieferung,Service",22.6,5.8,151.0
12687,15.0,1,"Lieferung,Service",20.9,8.0,59.0
13055,29.0,1,"Lieferung,Service",22.9,3.6,45.0
13053,15.0,1,"Lieferung,Service",13.5,4.1,23.0
13051,24.0,1,"Lieferung,Service",27.4,7.7,52.0
13059,32.0,1,"Lieferung,Service",12.3,2.3,28.0
16341,0.0,1,"Lieferung,Service",19.6,1.5,0.0
13125,31.0,1,"Lieferung,Service",18.6,1.0,0.0
13089,24.0,1,"Lieferung,Service",21.2,1.0,0.0
13086,56.0,1,"Lieferung,Service",24.3,3.0,13.0
13359,28.0,1,"Lieferung,Service",18.2,3.9,20.0
13158,21.0,1,"Lieferung,Service",40.1,3.6,18.0
13469,14.0,1,"Lieferung,Service",12.5,1.0,18.0
13467,7.0,1,"Lieferung,Service",21.8,1.2,0.0
16761,31.0,2,"Lieferung,Service",79.9,3.5,0.0
13465,31.0,1,"Lieferung,Service",29.7,1.4,4.0
13439,11.0,1,"Lieferung,Service",41.0,8.6,17.0
13187,52.0,1,"Lieferung,Service",16.5,3.7,20.0
13189,51.0,2,"Lieferung,Service",12.8,4.0,14.0
13053,64.0,2,"Lieferung,Service",12.7,5.3,62.0
12687,31.0,1,"Lieferung,Service",20.5,7.7,26.0
12687,32.0,1,"Lieferung,Service",72.4,7.0,110.0
12687,14.0,1,"Lieferung,Service",18.3,7.0,48.0
02105,432.0,1,Lieferung,1.4,4.0,25.0
00827,392.0,3,Lieferung,48.4,3.4,25.0
00405,82.0,1,Lieferung,25.7,5.1,111.0
12679,67.0,1,"Lieferung,Service",24.9,4.2,91.0
12629,122.0,2,"Lieferung,Service",31.4,4.8,62.0
12629,0.0,0,"Lieferung,Service",31.4,4.8,62.0
12619,76.0,4,"Lieferung,Service",16.8,6.0,152.2
12619,618.0,3,"Lieferung,Service",16.8,6.0,152.2
13129,61.0,2,"Lieferung,Service",41.1,0.0,0.0
13156,144.0,3,"Lieferung,Service",70.7,3.1,63.0
13156,58.0,1,"Lieferung,Service",17.9,3.0,103.0
13435,153.0,2,"Lieferung,Service",22.4,11.1,16.0
13435,91.0,3,"Lieferung,Service",23.0,11.8,12.0
13467,8.0,1,"Lieferung,Service",21.7,2.0,0.0
10557,180.0,3,"Lieferung,Service",20.3,5.2,5.0
00318,19.0,1,Lieferung,14.3,2.5,5.0
02459,41.0,1,Lieferung,22.5,3.3,3.0
02557,1.0,1,Lieferung,11.5,4.1,2.0
02527,64.0,2,Lieferung,16.5,3.2,6.0
02527,43.0,1,Lieferung,16.7,3.1,9.0
02489,25.0,3,Lieferung,36.6,3.5,6.0
02353,22.0,1,Lieferung,28.5,7.5,31.0
02359,26.0,1,Lieferung,34.0,2.0,2.0
02277,2.0,1,Lieferung,55.4,2.8,12.0
02105,21.0,2,Lieferung,24.2,3.6,21.0
02051,33.0,1,Lieferung,18.1,4.0,7.0
02043,45.0,1,Lieferung,57.5,3.4,57.0
02045,34.0,1,Lieferung,44.8,4.5,83.0
02053,8.0,1,Lieferung,20.3,5.3,50.0
02049,57.0,1,Lieferung,14.7,4.6,40.0
02049,18.0,1,Lieferung,23.2,4.3,34.0
02049,21.0,1,Lieferung,23.2,4.3,34.0
02051,48.0,1,Lieferung,29.8,2.1,31.0
02359,27.0,1,Lieferung,24.1,2.3,10.0
02099,22.0,1,Lieferung,19.7,4.4,13.0
02107,14.0,1,Lieferung,19.2,2.6,26.0
02529,19.0,1,Lieferung,13.7,1.3,0.0
02439,19.0,1,Lieferung,11.5,1.9,4.0
16727,56.0,1,"Lieferung,Service",18.5,0.0,0.0
13503,55.0,1,"Lieferung,Service",15.9,1.3,0.0
16540,465.0,2,"Lieferung,Service",13.8,0.0,0.0
16540,8.0,1,"Lieferung,Service",13.8,0.0,0.0
16540,71.0,3,"Lieferung,Service",13.8,0.0,0.0
13465,136.0,2,"Lieferung,Service",18.1,2.3,0.0
13467,46.0,3,"Lieferung,Service",5.2,1.2,110.0
13469,42.0,2,"Lieferung,Service",13.9,1.5,6.0
13439,69.0,3,"Lieferung,Service",62.4,3.4,42.0
13437,51.0,2,"Lieferung,Service",49.6,3.1,20.0
12355,138.0,2,"Lieferung,Service",13.4,3.8,152.2
12355,36.0,1,"Lieferung,Service",10.1,0.0,36.0
12353,40.0,1,"Lieferung,Service",51.3,3.1,51.0
12437,50.0,1,"Lieferung,Service",34.7,1.2,0.0
12437,42.0,1,"Lieferung,Service",19.2,2.3,74.0
12439,164.0,1,"Lieferung,Service",16.7,3.8,9.0
12489,74.0,1,"Lieferung,Service",18.3,3.6,7.0
12489,145.0,1,"Lieferung,Service",23.9,3.2,2.0
03099,49.0,1,"Lieferung,Service",32.7,1.0,0.0
03046,248.0,1,"Lieferung,Service",19.0,3.4,35.0
03046,310.0,2,"Lieferung,Service",19.0,3.4,35.0
03044,21.0,1,"Lieferung,Service",18.6,1.1,2.0
03046,10.0,1,"Lieferung,Service",18.7,3.0,48.0
03050,65.0,1,"Lieferung,Service",11.2,1.4,25.0
03046,70.0,2,"Lieferung,Service",45.7,3.2,53.0
03042,51.0,1,"Lieferung,Service",24.8,3.0,122.0
03052,81.0,1,"Lieferung,Service",28.2,1.1,0.0
03050,120.0,1,"Lieferung,Service",40.7,1.8,16.0
03042,160.0,1,"Lieferung,Service",23.1,3.4,99.0
16540,62.0,1,"Abholung,Lieferung,Service",15.9,1.9,0.0
16540,59.0,1,"Abholung,Lieferung,Service",15.6,0.0,0.0
16547,41.0,1,"Abholung,Lieferung,Service",38.0,0.0,4.0
16556,93.0,2,"Abholung,Lieferung,Service",21.5,1.1,2.0
16559,47.0,1,"Abholung,Lieferung,Service",28.4,0.0,2.0
16775,48.0,1,"Abholung,Lieferung,Service",53.5,0.0,4.0
16727,4.0,1,"Abholung,Lieferung,Service",19.0,0.0,0.0
16515,45.0,1,"Abholung,Lieferung,Service",39.5,0.0,2.0
16515,78.0,1,"Abholung,Lieferung,Service",26.6,1.4,0.0
16515,67.0,2,"Abholung,Lieferung,Service",22.4,0.0,0.0
13593,284.0,2,"Lieferung,Service",19.1,6.5,8.0
13583,227.0,8,"Lieferung,Service",15.7,2.6,14.0
13597,355.0,3,"Lieferung,Service",18.9,6.1,3.0
13597,59.0,2,"Lieferung,Service",18.9,6.1,3.0
14052,98.0,2,"Lieferung,Service",33.3,1.9,4.0
16816,181.0,1,"Abholung,Lieferung,Service",17.3,2.1,10.0
16816,75.0,1,"Abholung,Lieferung,Service",18.0,0.0,7.0
16816,42.0,1,"Abholung,Lieferung,Service",17.5,0.0,8.0
16827,242.0,1,"Abholung,Lieferung,Service",15.6,0.0,1.0
16827,127.0,2,"Abholung,Lieferung,Service",27.6,0.0,0.0
16816,176.0,1,"Abholung,Lieferung,Service",12.6,2.0,16.0
16816,15.0,1,"Abholung,Lieferung,Service",23.4,4.0,44.0
16816,177.0,1,"Abholung,Lieferung,Service",23.4,4.0,44.0
16816,172.0,1,"Abholung,Lieferung,Service",21.0,0.0,51.0
16816,49.0,1,"Abholung,Lieferung,Service",20.4,2.3,15.0
16816,195.0,2,"Abholung,Lieferung,Service",10.1,1.8,12.0
16816,45.0,2,"Abholung,Lieferung,Service",10.9,3.8,16.0
14669,99.0,1,"Lieferung,Service",24.8,3.0,1.0
14542,4.0,1,"Lieferung,Service",21.1,0.0,2.0
14797,146.0,2,"Lieferung,Service",10.5,0.0,0.0
14552,61.0,2,"Lieferung,Service",14.9,2.0,0.0
14974,51.0,2,"Lieferung,Service",8.1,4.2,15.0
14974,246.0,1,"Lieferung,Service",20.1,1.8,16.0
12045,111.0,1,"Abholung,Lieferung,Service",47.3,4.3,89.0
12053,59.0,2,"Abholung,Lieferung,Service",9.8,3.4,34.0
12043,12.0,1,"Abholung,Lieferung,Service",9.5,4.1,63.0
12051,137.0,1,"Abholung,Lieferung,Service",86.3,3.9,22.0
12051,58.0,1,"Abholung,Lieferung,Service",15.3,4.0,16.0
12049,55.0,1,"Abholung,Lieferung,Service",14.3,4.0,59.0
10965,66.0,2,"Abholung,Lieferung,Service",21.0,4.6,70.0
10965,314.0,2,"Abholung,Lieferung,Service",21.0,4.6,70.0
10967,116.0,2,"Abholung,Lieferung,Service",21.7,4.4,100.0
10999,56.0,2,"Abholung,Lieferung,Service",15.8,4.3,152.2
03347,223.0,1,Lieferung,18.1,4.8,58.0
03403,694.0,2,Lieferung,88.9,3.3,14.0
